"URL","Source","Submitted"
"https://www.rapidpandamovers.com/","none","11/26/2024T07:02:00-08:00"
"https://www.rapidpandamovers.com/services","none","11/26/2024T07:02:00-08:00"
"https://www.rapidpandamovers.com/last-minute-miami-movers","none","11/26/2024T07:02:00-08:00"
"https://www.rapidpandamovers.com/hialeah","none","11/26/2024T07:02:00-08:00"
"https://www.rapidpandamovers.com/packing-services","none","11/26/2024T07:02:00-08:00"
"https://www.rapidpandamovers.com/long-distance-moving","none","11/26/2024T07:02:00-08:00"
"https://www.rapidpandamovers.com/coral-gables","none","11/26/2024T07:02:00-08:00"
"https://www.rapidpandamovers.com/residential-moving","none","11/26/2024T07:02:00-08:00"
"https://www.rapidpandamovers.com/doral","none","11/26/2024T07:02:00-08:00"
"https://www.rapidpandamovers.com/sunrise","none","11/26/2024T07:02:00-08:00"
"https://www.rapidpandamovers.com/fort-lauderdale","none","11/26/2024T07:02:00-08:00"
"https://www.rapidpandamovers.com/opa-locka","none","11/26/2024T07:02:00-08:00"
"https://www.rapidpandamovers.com/medley","none","11/26/2024T07:02:00-08:00"
"https://www.rapidpandamovers.com/thank-you","none","11/26/2024T07:02:00-08:00"
"https://www.rapidpandamovers.com/florida-city","none","11/26/2024T07:02:00-08:00"
"https://www.rapidpandamovers.com/gun-safe-moving","none","11/26/2024T07:02:00-08:00"
"https://www.rapidpandamovers.com/apartment-moving","none","11/26/2024T07:02:00-08:00"
"https://www.rapidpandamovers.com/blog","none","11/26/2024T07:02:00-08:00"
"https://www.rapidpandamovers.com/school-university-moving","none","11/26/2024T07:02:00-08:00"
"https://www.rapidpandamovers.com/senior-moving","none","11/26/2024T07:02:00-08:00"
"https://www.rapidpandamovers.com/interstate-moving","none","11/26/2024T07:02:00-08:00"
"https://www.rapidpandamovers.com/exclusive-offers","none","11/26/2024T07:02:00-08:00"
"https://www.rapidpandamovers.com/privacy-policy","none","11/26/2024T07:02:00-08:00"
"https://www.rapidpandamovers.com/labor-only-moving","none","11/26/2024T07:02:00-08:00"
"https://www.rapidpandamovers.com/local-moving","none","11/26/2024T07:02:00-08:00"
"https://www.rapidpandamovers.com/areas-we-serve","none","11/26/2024T07:02:00-08:00"
"https://www.rapidpandamovers.com/commercial-moving","none","11/26/2024T07:02:00-08:00"
"https://www.rapidpandamovers.com/art-antique-moving","none","11/26/2024T07:02:00-08:00"
"https://www.rapidpandamovers.com/about-us","none","11/26/2024T07:02:00-08:00"
"https://www.rapidpandamovers.com/blog/moving-gun-safe-stairs","none","09/23/2024T17:17:00-07:00"
"https://www.rapidpandamovers.com/blog/planning-residential-move","none","08/12/2024T14:08:00-07:00"
"https://www.rapidpandamovers.com/blog/eco-friendly-packing-materials","none","08/01/2024T16:13:00-07:00"
"https://www.rapidpandamovers.com/blog/miami-fl-transport-accessibility","none","07/25/2024T16:01:00-07:00"
"https://www.rapidpandamovers.com/blog/miami-fl-eco-friendly-moving","none","07/25/2024T11:40:00-07:00"
"https://www.rapidpandamovers.com/blog/miami-fl-diy-vs-professional-moving","none","07/24/2024T11:05:00-07:00"
"https://www.rapidpandamovers.com/blog/miami-fl-packing-unpacking-tips","none","07/16/2024T16:54:00-07:00"
"https://www.rapidpandamovers.com/blog/expert-reviews-of-miami-fl-moving-companies","none","07/11/2024T16:38:00-07:00"
"https://www.rapidpandamovers.com/blog/understanding-miami-s-2024-real-estate-market","none","07/09/2024T10:26:00-07:00"
"https://www.rapidpandamovers.com/miami-beach","none","07/02/2024T19:16:00-07:00"
"https://www.rapidpandamovers.com/north-miami-beach","none","07/02/2024T19:16:00-07:00"
"https://www.rapidpandamovers.com/miami-shores","none","07/02/2024T19:16:00-07:00"
"https://www.rapidpandamovers.com/west-miami","none","07/02/2024T19:16:00-07:00"
"https://www.rapidpandamovers.com/miami-dade-county","none","07/02/2024T19:16:00-07:00"
"https://www.rapidpandamovers.com/blog/florida-city-moving-guide","none","06/26/2024T16:03:00-07:00"
"https://www.rapidpandamovers.com/blog/miami-beach-employment-job-market-2024","none","06/11/2024T11:50:00-07:00"
"https://www.rapidpandamovers.com/blog/miami-beach-summer-moving-advice","none","06/11/2024T11:19:00-07:00"
"https://www.rapidpandamovers.com/blog/gun-safe-moving-equipment","none","06/10/2024T12:43:00-07:00"
"https://www.rapidpandamovers.com/blog/preparing-gun-safe-move","none","06/10/2024T12:36:00-07:00"
"https://www.rapidpandamovers.com/blog/packing-electronics-safely","none","06/10/2024T12:27:00-07:00"
"https://www.rapidpandamovers.com/blog/moving-with-pets-apartments","none","06/05/2024T12:11:00-07:00"
"https://www.rapidpandamovers.com/blog/senior-local-moving-guide","none","05/29/2024T16:34:00-07:00"
"https://www.rapidpandamovers.com/blog/long-distance-move-planning","none","05/28/2024T16:27:00-07:00"
"https://www.rapidpandamovers.com/blog/pet-friendly-local-moving","none","05/22/2024T16:17:00-07:00"
"https://www.rapidpandamovers.com/blog/unpacking-organizing-apartment","none","05/15/2024T13:40:00-07:00"
"https://www.rapidpandamovers.com/blog/last-minute-local-move","none","05/14/2024T13:27:00-07:00"
"https://www.rapidpandamovers.com/blog/hiring-apartment-movers","none","05/07/2024T11:37:00-07:00"
"https://www.rapidpandamovers.com/blog/long-distance-moving-guide-a-helpful-checklist-for-a-stress-free-move","none","05/07/2024T11:14:00-07:00"
"https://www.rapidpandamovers.com/blog/from-start-to-finish-planning-your-long-distance-move","none","05/06/2024T15:07:00-07:00"
"https://www.rapidpandamovers.com/blog/a-guide-to-high-rise-moving-strategies-and-insights","none","05/06/2024T13:41:00-07:00"
"https://www.rapidpandamovers.com/blog/packing-tips-apartment","none","05/02/2024T12:52:00-07:00"
"https://www.rapidpandamovers.com/blog/packing-tips-for-an-apartment-move","none","04/30/2024T11:04:00-07:00"
"https://www.rapidpandamovers.com/blog/packing-like-a-professional-master-the-art-of-efficient-moving","none","04/29/2024T16:22:00-07:00"
"https://www.rapidpandamovers.com/blog/cross-country-move-costs","none","04/29/2024T12:41:00-07:00"
"https://www.rapidpandamovers.com/blog/navigating-the-costs-of-moving-a-gun-safe-a-comprehensive-guide","none","04/29/2024T11:13:00-07:00"
