"Source Url","Anchor text","Target Url"
"https://markets.financialcontent.com/dailypennyalerts/article/pressadvantage-2024-5-9-rapid-panda-movers-in-miami-revolutionizing-the-moving-company-experience-with-seamless-relocation-services","Rapid Panda Movers","https://rapidpandamovers.com"
"https://rapidpandamoversusa.blogspot.com/2023/08","best Miami movers","https://rapidpandamovers.com"
"https://markets.financialcontent.com/bpas/article/pressadvantage-2024-5-9-rapid-panda-movers-in-miami-revolutionizing-the-moving-company-experience-with-seamless-relocation-services","Rapid Panda Movers","https://rapidpandamovers.com"
"https://mapquest.com/us/florida/rapid-panda-movers-llc-429544575","https://www.rapidpandamovers.com","https://rapidpandamovers.com"
"https://mejoresmiami.com/camiones-de-mudanza","www.rapidpandamovers.com","https://rapidpandamovers.com"
"https://markets.financialcontent.com/streetinsider/article/pressadvantage-2024-5-9-rapid-panda-movers-in-miami-revolutionizing-the-moving-company-experience-with-seamless-relocation-services","Rapid Panda Movers","https://rapidpandamovers.com"
"https://kr.batchgeo.com/map/miami-fl-moving-company","Rapid Panda Movers","https://rapidpandamovers.com"
"https://n49.com/biz/4334936/rapid-panda-movers-fl-miami-7254-northwest-34th-street","rapidpandamovers.com/","https://rapidpandamovers.com"
"https://cn.batchgeo.com/map/miami-fl-moving-company","Rapid Panda Movers","https://rapidpandamovers.com"
"https://markets.financialcontent.com/wral/article/pressadvantage-2024-5-9-rapid-panda-movers-in-miami-revolutionizing-the-moving-company-experience-with-seamless-relocation-services","Rapid Panda Movers","https://rapidpandamovers.com"
"https://startpage.mapquest.com/us/florida/rapid-panda-movers-llc-429544575","https://www.rapidpandamovers.com","https://rapidpandamovers.com"
"https://markets.financialcontent.com/bostonherald/article/pressadvantage-2024-5-9-rapid-panda-movers-in-miami-revolutionizing-the-moving-company-experience-with-seamless-relocation-services","Rapid Panda Movers","https://rapidpandamovers.com"
"https://pt.batchgeo.com/map/miami-fl-moving-company","Rapid Panda Movers","https://rapidpandamovers.com"
"https://rapidpandamoversusa.blogspot.com/2023/08/navigating-relocation-finding-best.html","best Miami movers","https://rapidpandamovers.com"
"https://markets.financialcontent.com/gatehouse.rrstar/article/pressadvantage-2024-5-9-rapid-panda-movers-in-miami-revolutionizing-the-moving-company-experience-with-seamless-relocation-services","Rapid Panda Movers","https://rapidpandamovers.com"
"https://callupcontact.com/b/businessprofile/rapid_panda_movers_llc/8797069","https://rapidpandamovers.com/","https://rapidpandamovers.com"
"https://es.batchgeo.com/map/miami-fl-moving-company","Rapid Panda Movers","https://rapidpandamovers.com"
"https://rapidpandamoversusa.blogspot.com/2023/09/streamline-your-move-with-rapid-movers.html","Rapid Movers Miami","https://rapidpandamovers.com"
"https://markets.financialcontent.com/startribune/article/pressadvantage-2024-5-9-rapid-panda-movers-in-miami-revolutionizing-the-moving-company-experience-with-seamless-relocation-services","Rapid Panda Movers","https://rapidpandamovers.com"
"https://markets.financialcontent.com/townhall/article/pressadvantage-2024-5-9-rapid-panda-movers-in-miami-revolutionizing-the-moving-company-experience-with-seamless-relocation-services","Rapid Panda Movers","https://rapidpandamovers.com"
"https://markets.financialcontent.com/talkmarkets/article/pressadvantage-2024-5-9-rapid-panda-movers-in-miami-revolutionizing-the-moving-company-experience-with-seamless-relocation-services","Rapid Panda Movers","https://rapidpandamovers.com"
"https://de.batchgeo.com/map/miami-fl-moving-company","Rapid Panda Movers","https://rapidpandamovers.com"
"https://fr.batchgeo.com/map/miami-fl-moving-company","Rapid Panda Movers","https://rapidpandamovers.com"
"https://mejoresmiami.com/mudanzas-baratas","www.rapidpandamovers.com","https://rapidpandamovers.com"
"https://markets.financialcontent.com/ms.intelvalue/article/pressadvantage-2024-5-9-rapid-panda-movers-in-miami-revolutionizing-the-moving-company-experience-with-seamless-relocation-services","Rapid Panda Movers","https://rapidpandamovers.com"
"https://jp.batchgeo.com/map/miami-fl-moving-company","Rapid Panda Movers","https://rapidpandamovers.com"
"https://townplanner.com/west-miami/fl/business","website","https://rapidpandamovers.com"
"https://it.batchgeo.com/map/miami-fl-moving-company","Rapid Panda Movers","https://rapidpandamovers.com"
"https://stocks.observer-reporter.com/observerreporter/article/pressadvantage-2024-5-9-rapid-panda-movers-in-miami-revolutionizing-the-moving-company-experience-with-seamless-relocation-services","Rapid Panda Movers","https://rapidpandamovers.com"
"https://business.thepilotnews.com/thepilotnews/article/pressadvantage-2024-5-9-rapid-panda-movers-in-miami-revolutionizing-the-moving-company-experience-with-seamless-relocation-services","Rapid Panda Movers","https://rapidpandamovers.com"
"https://ru.batchgeo.com/map/miami-fl-moving-company","Rapid Panda Movers","https://rapidpandamovers.com"
"https://callupcontact.com/b/businessprofile/rapid_panda_movers/7977079","https://rapidpandamovers.com/","https://rapidpandamovers.com"
"https://mejoresmiami.com/companias-de-mudanzas","www.rapidpandamovers.com","https://rapidpandamovers.com"
"https://batchgeocode.com/map/miami-fl-moving-company","Rapid Panda Movers","https://rapidpandamovers.com"
"https://investor.wedbush.com/wedbush/article/pressadvantage-2024-5-9-rapid-panda-movers-in-miami-revolutionizing-the-moving-company-experience-with-seamless-relocation-services","Rapid Panda Movers","https://rapidpandamovers.com"
"https://geebo.com/services/view/id/1934447-rapid-panda-movers-llc-","https://www.rapidpandamovers.com/","https://rapidpandamovers.com"
"https://townplanner.com/miami/fl/directory/unclassified-miscellaneous/rapid-panda-movers-llc/189810","Visit Website","https://rapidpandamovers.com"
"https://nl.batchgeo.com/map/miami-fl-moving-company","Rapid Panda Movers","https://rapidpandamovers.com"
"https://markets.financialcontent.com/worldnow.kotv/article/pressadvantage-2024-5-9-rapid-panda-movers-in-miami-revolutionizing-the-moving-company-experience-with-seamless-relocation-services","Rapid Panda Movers","https://rapidpandamovers.com"
"https://callupcontact.com/b/businessprofile/rapid_panda_movers_llc/8851604","https://www.rapidpandamovers.com/","https://rapidpandamovers.com"
"https://pressadvantage.com/story/68384-rapid-panda-movers-revolutionizing-apartment-moving-in-miami-for-a-stress-free-transition","https://www.rapidpandamovers.com/","https://rapidpandamovers.com"
"https://phoenix.aws.mapquest.com/us/florida/rapid-panda-movers-llc-429544575","https://www.rapidpandamovers.com","https://rapidpandamovers.com"
"https://business.wapakdailynews.com/wapakdailynews/article/pressadvantage-2024-5-9-rapid-panda-movers-in-miami-revolutionizing-the-moving-company-experience-with-seamless-relocation-services","Rapid Panda Movers","https://rapidpandamovers.com"
"https://markets.financialcontent.com/fatpitch.valueinvestingnews/article/pressadvantage-2024-5-9-rapid-panda-movers-in-miami-revolutionizing-the-moving-company-experience-with-seamless-relocation-services","Rapid Panda Movers","https://rapidpandamovers.com"
"https://diib.com/featuredmembers/rapid-panda-movers-llc","rapidpandamovers.com","https://rapidpandamovers.com"
"https://markets.financialcontent.com/stocks/article/pressadvantage-2024-5-9-rapid-panda-movers-in-miami-revolutionizing-the-moving-company-experience-with-seamless-relocation-services","Rapid Panda Movers","https://rapidpandamovers.com"
