"Domain","Backlinks Count"
"https://financialcontent.com","13"
"https://batchgeo.com","10"
"https://mapquest.com","3"
"https://callupcontact.com","3"
"https://blogspot.com","3"
"https://mejoresmiami.com","3"
"https://townplanner.com","2"
"https://geebo.com","1"
"https://wedbush.com","1"
"https://observer-reporter.com","1"
"https://wapakdailynews.com","1"
"https://n49.com","1"
"https://diib.com","1"
"https://batchgeocode.com","1"
"https://pressadvantage.com","1"
"https://thepilotnews.com","1"
