"Page","Citations"
"https://www.rapidpandamovers.com/what-you-can-leave-behind-when-moving-out/","8"
"https://www.rapidpandamovers.com/miami-moving-regulations-permits/","6"
"https://www.rapidpandamovers.com/","5"
"https://www.rapidpandamovers.com/location/coral-gables-moving-company/","5"
"https://www.rapidpandamovers.com/how-to-pack-electronics-safely-for-moving/","5"
"https://www.rapidpandamovers.com/miami-fl-diy-vs-professional-moving/","2"
"https://www.rapidpandamovers.com/how-much-does-a-cross-country-move-cost-key-factors-explained-rapid-panda-movers/","2"
"https://www.rapidpandamovers.com/eco-friendly-packing-materials/","2"
"https://www.rapidpandamovers.com/school-university-moving/","1"
"https://www.rapidpandamovers.com/miami-beach-cultural-blog/","1"
