Neighborhood,City,ZIP Codes
Allapattah,Miami,"33125, 33127, 33142"
Arts & Entertainment District,Miami,33132
Bay Point,Miami,33137
Belle Meade,Miami,33138
Brickell,Miami,"33129, 33130, 33131"
Brickell Key,Miami,33131
Buena Vista,Miami,33127
Coconut Grove,Miami,33133
Coral Way / Shenandoah,Miami,"33133, 33134, 33145"
Design District,Miami,33137
Downtown / CBD / Park West,Miami,"33128, 33130, 33131, 33132, 33136"
Edgewater,Miami,33137
Flagami,Miami,"33125, 33126, 33135, 33144"
Grapeland Heights,Miami,"33125, 33142"
Health District / Civic Center,Miami,33136
Little Haiti,Miami,"33138, 33137, 33150"
Little Havana,Miami,"33125, 33126, 33128, 33130, 33135"
Liberty City,Miami,"33142, 33147, 33150"
Midtown,Miami,33137
Morningside,Miami,33137
Overtown,Miami,33136
Palm Grove,Miami,33138
Spring Garden,Miami,33136
The Roads,Miami,"33129, 33130"
Upper Eastside / MiMo,Miami,"33138, 33137"
Virginia Key,Miami,33149
Watson Island,Miami,33139
West Flagler,Miami,"33125, 33135"
Wynwood,Miami,33127
Aventura,Aventura,"33160, 33180"
Bal Harbour,Bal Harbour,33154
Bay Harbor Islands,Bay Harbor Islands,33154
Coral Gables,Coral Gables,"33134, 33146, 33143, 33133"
Cutler Bay,Cutler Bay,"33157, 33189, 33190"
Doral,Doral,"33122, 33166, 33178, 33172"
El Portal,El Portal,"33138, 33150"
Florida City,Florida City,"33034, 33035"
Golden Beach,Golden Beach,33160
Hialeah,Hialeah,"33010, 33012, 33013, 33014, 33015, 33016"
Hialeah Gardens,Hialeah Gardens,33018
Homestead,Homestead,"33030, 33031, 33032, 33033"
Indian Creek,Indian Creek,33154
Key Biscayne,Key Biscayne,33149
Medley,Medley,"33166, 33178"
Miami Beach,Miami Beach,"33109, 33139, 33140, 33141"
Miami Gardens,Miami Gardens,"33054, 33055, 33056"
Miami Lakes,Miami Lakes,"33014, 33016, 33018"
Miami Shores,Miami Shores,"33138, 33150"
Miami Springs,Miami Springs,"33142, 33166"
North Bay Village,North Bay Village,33141
North Miami,North Miami,"33161, 33162, 33167, 33168"
North Miami Beach,North Miami Beach,"33160, 33162, 33169"
Opa-locka,Opa-locka,"33054, 33055"
Palmetto Bay,Palmetto Bay,"33157, 33158, 33176"
Pinecrest,Pinecrest,"33156, 33143, 33176"
South Miami,South Miami,"33143, 33155"
Sunny Isles Beach,Sunny Isles Beach,33160
Surfside,Surfside,33154
Sweetwater,Sweetwater,"33172, 33174"
Virginia Gardens,Virginia Gardens,33166
West Miami,West Miami,"33144, 33155"
Westchester,Westchester,"33144, 33165, 33175, 33174"
Kendall,Kendall,"33156, 33176, 33183, 33186, 33193, 33196"
